about;1
analytics;1
archive-analytics;1
archive-events-1;1
archive-events-2;1
archive-events-3;1
archive-events-4;1
archive-events-5;1
archive-expert;1
archive-markets-monthly-quarter-years;0
archive-markets-weekly-1;1
archive-news;1
archive-press-company-1;1
archive-press-company-2;1
archive-press;1
archive-reviews-2014;1
archive-reviews-2015;1
archive-shares;1
asset-management;1
awards-and-ratings;1
banking-information;1
bond-option-portfolio;1
bond-repo-portfolio;1
branch-office;1
calculation;1
career;1
carousel-3;0
carousel4;0
certificates;1
clients-and-partners;1
colleague;1
company;1
connect;1
conservative-portfolio;1
conservative-strategy;1
consulting-management;1
culture;1
departments;1
deposit-weighted-average-portfolio;1
documents;1
events-1;1
events;1
expert-1;1
expert;1
hedging-the-risk-of-ruble;1
high-yield-strategy;1
high-yielding-currency-portfolio;1
high-yielding-portfolio;1
history;1
index-portfolio;1
index;1
ipo-portfolio;1
laws;1
licence;0
markets-review-1-quarter-2015;1
markets-review-08-2015;1
markets-review-15-08-2015;1
markets-review-2014;1
markets;1
mission;1
news;1
notification;1
offices;1
press-about-us;1
press-company;1
privacy-policy;1
quality-control;1
real-estate;1
reviews-1;1
reviews;1
service;1
shares;1
slider4;0
strategy-for-the-protection-of-ruble-assets;1
structured-bond-portfolio;1
team-frolov;1
team-gorsheneva;1
team-kipa;1
team-michailov;1
team-munaev;1
team-pahomov;1
team-selivanov;1
team-shpakov;1
team;1
vacancies;1
weighted-average-portfolio;1
weighted-average-strategy;1
weighted-currency-portfolio;1
